Timestamp,PM2.5 (µg/m³),PM10 (µg/m³),NO (µg/m³),NO2 (µg/m³),NOx (ppb),NH3 (µg/m³),SO2 (µg/m³),CO (mg/m³),Ozone (µg/m³),Benzene (µg/m³),Toluene (µg/m³),Xylene (µg/m³),O Xylene (µg/m³),Eth-Benzene (µg/m³),MP-Xylene (µg/m³),AT (°C),RH (%),WS (m/s),WD (deg),RF (mm),TOT-RF (mm),SR (W/mt2),BP (mmHg),VWS (m/s)
2020-01-01 00:00:00,37.34,NA,6.54,25.94,31.76,66.70,31.67,1.33,NA,NA,NA,NA,NA,NA,NA,NA,91.52,0.74,268.72,NA,NA,22.22,993.62,-0.44
2020-01-02 00:00:00,32.99,NA,6.36,22.98,29.34,61.61,5.00,1.66,NA,NA,NA,NA,NA,NA,NA,NA,92.10,0.56,254.47,NA,NA,27.39,994.02,-0.46
2020-01-03 00:00:00,38.00,NA,9.26,21.04,30.29,63.62,6.74,1.98,NA,NA,NA,NA,NA,NA,NA,NA,89.31,0.62,197.40,NA,NA,36.06,994.74,-0.45
2020-01-04 00:00:00,38.35,NA,8.93,25.45,34.36,72.16,4.43,1.93,NA,NA,NA,NA,NA,NA,NA,NA,88.03,0.74,122.66,NA,NA,44.08,992.61,-0.44
2020-01-05 00:00:00,21.99,NA,3.93,14.03,17.96,37.72,3.59,1.87,NA,NA,NA,NA,NA,NA,NA,NA,84.94,0.80,163.25,NA,NA,42.83,993.35,-0.43
2020-01-06 00:00:00,21.86,NA,5.33,19.57,24.77,52.01,4.62,1.92,NA,NA,NA,NA,NA,NA,NA,NA,88.34,0.86,291.86,NA,NA,40.46,NA,-0.43
2020-01-07 00:00:00,52.35,NA,4.98,21.41,26.06,54.72,68.28,0.89,NA,NA,NA,NA,NA,NA,NA,NA,78.60,1.08,301.98,NA,NA,62.69,NA,-0.40
2020-01-08 00:00:00,62.55,NA,4.44,29.32,33.65,66.18,43.00,0.89,NA,NA,NA,NA,NA,NA,NA,NA,74.65,0.83,288.25,NA,NA,99.86,NA,-0.44
2020-01-09 00:00:00,58.24,NA,7.46,31.14,38.55,42.66,48.54,1.22,NA,NA,NA,NA,NA,NA,NA,NA,72.30,0.63,271.37,NA,NA,262.21,NA,-0.46
2020-01-10 00:00:00,66.26,NA,5.81,36.61,42.42,42.29,21.62,1.22,NA,NA,NA,NA,NA,NA,NA,NA,77.84,0.76,270.22,NA,NA,17.07,NA,-0.45
2020-01-11 00:00:00,65.03,NA,7.67,37.72,45.31,41.84,19.31,1.21,NA,NA,NA,NA,NA,NA,NA,NA,72.77,0.86,274.44,NA,NA,28.58,NA,-0.44
2020-01-12 00:00:00,78.16,NA,4.05,20.90,24.93,44.35,16.58,1.31,NA,NA,NA,NA,NA,NA,NA,NA,82.84,0.80,272.64,NA,NA,19.95,NA,-0.44
2020-01-13 00:00:00,98.12,NA,4.08,29.24,33.31,43.40,49.35,1.30,NA,NA,NA,NA,NA,NA,NA,NA,76.38,0.72,280.91,NA,NA,26.34,NA,-0.45
2020-01-14 00:00:00,89.85,NA,6.51,35.76,42.23,42.37,59.13,1.42,NA,NA,NA,NA,NA,NA,NA,NA,65.63,0.64,268.56,NA,NA,33.95,NA,-0.45
2020-01-15 00:00:00,84.55,NA,4.03,25.07,28.95,43.89,34.56,0.65,NA,NA,NA,NA,NA,NA,NA,NA,64.88,0.72,275.43,NA,NA,29.43,NA,-0.44
2020-01-16 00:00:00,81.34,NA,4.50,21.81,26.06,44.21,72.13,0.83,NA,NA,NA,NA,NA,NA,NA,NA,67.77,0.76,284.45,NA,NA,27.31,NA,-0.44
2020-01-17 00:00:00,58.97,NA,6.51,21.78,27.85,43.94,65.45,0.95,NA,NA,NA,NA,NA,NA,NA,NA,81.45,0.85,290.31,NA,NA,15.37,NA,-0.43
2020-01-18 00:00:00,50.13,NA,5.58,25.02,29.84,44.28,87.01,1.46,NA,NA,NA,NA,NA,NA,NA,NA,81.56,0.92,292.90,NA,NA,54.58,NA,-0.42
2020-01-19 00:00:00,62.39,NA,10.34,42.14,50.52,42.38,66.88,1.13,NA,NA,NA,NA,NA,NA,NA,NA,75.25,0.80,291.06,NA,NA,83.51,NA,-0.44
2020-01-20 00:00:00,67.21,NA,14.40,67.53,81.42,37.50,49.55,1.49,NA,NA,NA,NA,NA,NA,NA,NA,74.72,0.76,266.67,NA,NA,85.73,NA,-0.44
2020-01-21 00:00:00,82.49,NA,7.66,59.36,66.85,39.51,44.70,1.22,NA,NA,NA,NA,NA,NA,NA,NA,71.82,0.90,279.32,NA,NA,79.26,NA,-0.43
2020-01-22 00:00:00,77.07,NA,7.10,56.73,63.47,39.85,26.08,1.62,NA,NA,NA,NA,NA,NA,NA,NA,78.46,0.87,265.76,NA,NA,68.66,NA,-0.44
2020-01-23 00:00:00,92.17,NA,5.53,31.00,35.93,43.14,37.47,1.32,NA,NA,NA,NA,NA,NA,NA,NA,73.91,0.89,280.94,NA,NA,77.38,NA,-0.43
2020-01-24 00:00:00,97.13,NA,10.92,52.06,62.94,39.68,47.38,1.31,NA,NA,NA,NA,NA,NA,NA,NA,77.48,0.79,270.20,NA,NA,36.24,NA,-0.45
2020-01-25 00:00:00,82.81,NA,11.22,43.92,55.06,40.58,29.13,1.17,NA,NA,NA,NA,NA,NA,NA,NA,75.22,0.65,262.99,NA,NA,56.21,NA,-0.46
2020-01-26 00:00:00,60.72,NA,13.58,26.48,40.00,42.08,9.08,1.14,NA,NA,NA,NA,NA,NA,NA,NA,70.94,0.62,135.76,NA,NA,33.85,NA,-0.45
2020-01-27 00:00:00,65.92,NA,7.58,32.39,39.94,42.49,8.59,1.67,NA,NA,NA,NA,NA,NA,NA,NA,73.30,0.71,84.10,NA,NA,64.87,NA,-0.43
2020-01-28 00:00:00,79.41,NA,6.19,27.33,33.52,43.22,7.45,1.79,NA,NA,NA,NA,NA,NA,NA,NA,71.58,0.69,92.32,NA,NA,89.16,NA,-0.43
2020-01-29 00:00:00,71.97,NA,8.09,25.62,33.69,43.11,6.22,1.44,NA,NA,NA,NA,NA,NA,NA,NA,77.01,0.73,97.46,NA,NA,79.50,NA,-0.43
2020-01-30 00:00:00,64.43,NA,12.00,29.72,41.68,41.99,7.42,1.79,NA,NA,NA,NA,NA,NA,NA,NA,77.99,0.73,100.63,NA,NA,82.93,NA,-0.43
2020-01-31 00:00:00,62.44,NA,7.86,25.78,33.63,43.13,11.14,2.28,NA,NA,NA,NA,NA,NA,NA,NA,75.73,0.71,142.58,NA,NA,35.61,NA,-0.43
2020-02-01 00:00:00,70.92,NA,9.13,24.17,32.47,44.00,17.41,1.69,NA,NA,NA,NA,NA,NA,NA,NA,75.23,0.69,176.23,NA,NA,9.55,NA,-0.44
2020-02-02 00:00:00,50.88,NA,4.84,15.29,19.65,44.92,36.52,1.23,NA,NA,NA,NA,NA,NA,NA,NA,68.01,0.77,243.80,NA,NA,82.16,NA,-0.43
2020-02-03 00:00:00,65.45,NA,6.05,21.83,27.78,43.89,39.68,1.53,NA,NA,NA,NA,NA,NA,NA,NA,70.21,0.87,287.80,NA,NA,94.71,NA,-0.42
2020-02-04 00:00:00,70.52,NA,7.26,21.51,28.68,43.75,41.74,1.42,NA,NA,NA,NA,NA,NA,NA,NA,72.90,0.80,284.25,NA,NA,30.18,NA,-0.43
2020-02-05 00:00:00,77.92,NA,4.95,21.33,25.65,45.79,24.34,1.13,NA,NA,NA,NA,NA,NA,NA,NA,65.12,0.66,216.48,NA,NA,44.45,NA,-0.45
2020-02-06 00:00:00,63.89,NA,16.10,42.69,58.31,40.15,10.34,1.24,NA,NA,NA,NA,NA,NA,NA,NA,66.23,0.71,103.39,NA,NA,44.81,NA,-0.43
2020-02-07 00:00:00,52.38,NA,7.87,23.61,31.38,43.42,10.01,0.83,NA,NA,NA,NA,NA,NA,NA,NA,66.83,0.73,70.47,NA,NA,70.63,NA,-0.42
2020-02-08 00:00:00,26.84,NA,6.01,14.47,20.42,44.78,10.00,0.93,NA,NA,NA,NA,NA,NA,NA,NA,64.51,0.79,77.63,NA,NA,102.01,NA,-0.42
2020-02-09 00:00:00,26.27,NA,4.86,13.47,18.33,45.04,30.27,1.26,NA,NA,NA,NA,NA,NA,NA,NA,69.43,0.91,209.28,NA,NA,89.71,NA,-0.42
2020-02-10 00:00:00,42.79,NA,3.80,21.92,25.58,44.32,13.32,0.87,NA,NA,NA,NA,NA,NA,NA,NA,64.60,1.13,296.46,NA,NA,102.70,NA,-0.40
2020-02-11 00:00:00,25.62,NA,6.31,63.72,67.99,42.50,15.90,1.13,NA,NA,NA,NA,NA,NA,NA,NA,68.80,1.31,292.65,NA,NA,44.62,991.49,-0.38
2020-02-12 00:00:00,29.17,NA,8.80,51.98,59.66,40.85,15.74,1.22,NA,NA,NA,NA,NA,NA,NA,NA,71.29,1.38,283.74,NA,NA,45.30,987.61,-0.38
2020-02-13 00:00:00,77.88,NA,7.18,29.44,36.50,42.90,36.92,1.22,NA,NA,NA,NA,NA,NA,NA,NA,73.88,1.25,274.87,NA,NA,49.21,982.23,-0.40
2020-02-14 00:00:00,63.38,NA,4.78,27.23,31.97,43.49,41.24,1.59,NA,NA,NA,NA,NA,NA,NA,NA,67.85,0.70,250.39,NA,NA,52.55,950.11,-0.44
2020-02-15 00:00:00,61.41,NA,6.56,31.64,37.98,42.72,36.51,1.60,NA,NA,NA,NA,NA,NA,NA,NA,72.13,0.60,174.47,NA,NA,31.96,895.00,-0.45
2020-02-16 00:00:00,36.30,NA,5.08,18.00,23.07,44.47,33.46,1.14,NA,NA,NA,NA,NA,NA,NA,NA,61.62,0.66,245.06,NA,NA,58.12,934.39,-0.44
2020-02-17 00:00:00,46.78,NA,5.00,22.76,27.71,44.02,33.18,1.03,NA,NA,NA,NA,NA,NA,NA,NA,58.32,0.63,227.12,NA,NA,56.54,965.32,-0.44
2020-02-18 00:00:00,47.83,NA,7.91,28.37,36.27,42.90,17.04,1.48,NA,NA,NA,NA,NA,NA,NA,NA,62.18,0.60,204.23,NA,NA,55.83,929.17,-0.45
2020-02-19 00:00:00,46.71,NA,6.40,22.83,29.22,43.74,36.59,1.12,NA,NA,NA,NA,NA,NA,NA,NA,60.59,0.73,257.40,NA,NA,47.06,971.57,-0.43
2020-02-20 00:00:00,52.62,NA,3.73,17.65,21.35,44.77,64.99,1.09,NA,NA,NA,NA,NA,NA,NA,NA,58.10,0.85,288.65,NA,NA,56.30,986.66,-0.42
2020-02-21 00:00:00,48.99,NA,8.55,23.63,32.04,43.28,12.88,1.22,NA,NA,NA,NA,NA,NA,NA,NA,69.29,1.27,263.01,NA,NA,53.62,975.23,-0.40
2020-02-22 00:00:00,34.71,NA,3.27,11.83,15.08,45.53,15.94,1.81,NA,NA,NA,NA,NA,NA,NA,NA,73.39,1.44,287.07,NA,NA,42.18,994.00,-0.38
2020-02-23 00:00:00,35.40,NA,3.09,12.52,15.60,45.41,53.15,1.22,NA,NA,NA,NA,NA,NA,NA,NA,72.56,1.13,289.24,NA,NA,38.90,993.56,-0.40
2020-02-24 00:00:00,20.44,NA,3.56,17.70,21.19,44.80,27.20,1.95,NA,NA,NA,NA,NA,NA,NA,NA,77.12,0.67,285.16,NA,NA,38.55,973.63,-0.44
2020-02-25 00:00:00,37.41,NA,4.92,18.00,22.73,44.51,23.47,2.07,NA,NA,NA,NA,NA,NA,NA,NA,80.41,0.74,165.02,NA,NA,121.31,896.20,-0.43
2020-02-26 00:00:00,64.05,NA,4.03,17.07,21.07,44.78,13.99,0.81,NA,NA,NA,NA,NA,NA,NA,NA,74.32,0.67,219.94,NA,NA,332.89,NA,-0.44
2020-02-27 00:00:00,63.78,NA,3.59,14.16,17.71,45.14,18.43,1.36,NA,NA,NA,NA,NA,NA,NA,NA,70.04,0.87,280.40,NA,NA,326.39,NA,-0.43
2020-02-28 00:00:00,60.01,NA,4.66,19.81,24.18,44.52,47.75,2.09,NA,NA,NA,NA,NA,NA,NA,NA,69.96,0.86,274.26,NA,NA,309.60,NA,-0.42
2020-02-29 00:00:00,45.65,NA,7.17,25.89,32.57,43.37,40.87,1.35,NA,NA,NA,NA,NA,NA,NA,NA,71.74,0.79,277.27,NA,NA,310.08,NA,-0.43
2020-03-01 00:00:00,56.63,NA,4.92,14.23,18.38,45.08,28.84,0.77,NA,NA,NA,NA,NA,NA,NA,NA,63.95,0.74,200.28,NA,NA,344.89,NA,-0.43
2020-03-02 00:00:00,57.85,NA,4.21,24.33,28.34,44.01,51.97,1.27,NA,NA,NA,NA,NA,NA,NA,NA,64.94,0.71,231.51,NA,NA,301.73,NA,-0.43
2020-03-03 00:00:00,35.16,NA,6.01,28.48,34.32,43.16,47.10,1.18,NA,NA,NA,NA,NA,NA,NA,NA,66.60,0.71,190.06,NA,NA,314.30,NA,-0.44
2020-03-04 00:00:00,24.06,NA,5.50,21.27,26.70,44.04,12.05,1.68,NA,NA,NA,NA,NA,NA,NA,NA,74.23,0.76,152.80,NA,NA,320.53,NA,-0.43
2020-03-05 00:00:00,23.07,NA,6.35,16.67,22.73,45.26,4.76,1.26,NA,NA,NA,NA,NA,NA,NA,NA,72.34,0.84,47.79,NA,NA,325.15,NA,-0.41
2020-03-06 00:00:00,39.96,NA,4.47,12.42,16.60,45.39,2.03,1.02,NA,NA,NA,NA,NA,NA,NA,NA,72.73,0.87,46.55,NA,NA,304.75,NA,-0.41
2020-03-07 00:00:00,54.85,NA,7.58,11.89,17.64,45.34,1.79,1.10,NA,NA,NA,NA,NA,NA,NA,NA,71.01,0.87,31.21,NA,NA,291.72,NA,-0.40
2020-03-08 00:00:00,44.35,NA,6.27,12.78,17.57,45.40,13.08,1.43,NA,NA,NA,NA,NA,NA,NA,NA,68.30,0.80,125.11,NA,NA,174.17,NA,-0.42
2020-03-09 00:00:00,47.53,NA,6.92,16.11,22.87,44.42,6.62,1.13,NA,NA,NA,NA,NA,NA,NA,NA,70.22,0.76,156.06,NA,NA,55.56,NA,-0.43
2020-03-10 00:00:00,55.03,NA,6.37,14.53,20.88,44.65,6.28,0.93,NA,NA,NA,NA,NA,NA,NA,NA,66.75,0.78,174.78,NA,NA,274.04,NA,-0.42
2020-03-11 00:00:00,20.77,NA,5.84,13.61,19.27,44.82,14.10,1.35,NA,NA,NA,NA,NA,NA,NA,NA,66.59,0.83,57.60,NA,NA,341.27,NA,-0.42
2020-03-12 00:00:00,35.24,NA,5.68,16.21,21.88,44.59,5.67,1.29,NA,NA,NA,NA,NA,NA,NA,NA,67.44,0.76,49.17,NA,NA,340.36,NA,-0.42
2020-03-13 00:00:00,42.50,NA,6.29,15.04,21.28,44.61,7.13,1.45,NA,NA,NA,NA,NA,NA,NA,NA,72.53,0.67,122.97,NA,NA,359.26,NA,-0.44
2020-03-14 00:00:00,54.44,NA,6.38,19.24,25.52,44.14,38.69,1.09,NA,NA,NA,NA,NA,NA,NA,NA,71.47,0.64,207.53,NA,NA,207.61,993.60,-0.44
2020-03-15 00:00:00,53.96,NA,5.65,18.13,23.78,44.37,53.43,0.57,NA,NA,NA,NA,NA,NA,NA,NA,67.08,0.73,283.74,NA,NA,149.61,963.54,-0.44
2020-03-16 00:00:00,49.12,NA,5.02,15.23,20.15,45.01,58.86,1.19,NA,NA,NA,NA,NA,NA,NA,NA,68.35,0.83,305.73,NA,NA,361.81,993.89,-0.43
2020-03-17 00:00:00,63.32,NA,4.61,14.45,18.89,46.16,6.79,1.28,NA,NA,NA,NA,NA,NA,NA,NA,73.60,0.75,184.07,NA,NA,322.10,987.53,-0.43
2020-03-18 00:00:00,55.39,NA,6.66,15.14,21.75,44.57,4.37,1.17,NA,NA,NA,NA,NA,NA,NA,NA,77.21,0.67,164.54,NA,NA,260.79,879.95,-0.44
2020-03-19 00:00:00,45.32,NA,5.79,19.28,24.87,45.02,5.25,1.55,NA,NA,NA,NA,NA,NA,NA,NA,69.02,0.69,67.46,NA,NA,362.20,864.97,-0.43
2020-03-20 00:00:00,43.11,NA,4.49,14.98,19.47,44.92,5.72,1.82,NA,NA,NA,NA,NA,NA,NA,NA,75.84,0.82,112.67,NA,NA,290.81,814.93,-0.42
2020-03-21 00:00:00,40.86,NA,4.62,12.33,16.92,45.20,4.87,2.12,NA,NA,NA,NA,NA,NA,NA,NA,72.28,0.88,61.47,NA,NA,255.97,804.54,-0.40
2020-03-22 00:00:00,58.31,NA,3.59,7.25,10.79,45.99,3.17,1.75,NA,NA,NA,NA,NA,NA,NA,NA,68.52,0.93,98.82,NA,NA,357.77,804.56,-0.40
2020-03-23 00:00:00,33.99,NA,3.74,11.01,14.70,45.51,4.75,1.49,NA,NA,NA,NA,NA,NA,NA,NA,65.87,0.79,101.41,NA,NA,353.59,803.36,-0.42
2020-03-24 00:00:00,37.79,NA,4.25,7.89,11.49,47.50,3.60,0.54,NA,NA,NA,NA,NA,NA,NA,NA,70.25,0.73,161.00,NA,NA,368.68,801.98,-0.43
2020-03-25 00:00:00,31.40,NA,3.18,3.00,5.75,46.59,4.30,1.24,NA,NA,NA,NA,NA,NA,NA,NA,70.27,0.73,156.43,NA,NA,358.61,NA,-0.43
2020-03-26 00:00:00,42.98,NA,3.79,5.73,7.86,46.26,9.37,0.88,NA,NA,NA,NA,NA,NA,NA,NA,71.04,0.68,216.11,NA,NA,319.88,NA,-0.44
2020-03-27 00:00:00,38.27,NA,3.27,1.75,4.71,46.65,4.03,0.74,NA,NA,NA,NA,NA,NA,NA,NA,63.94,0.65,142.37,NA,NA,366.82,NA,-0.44
2020-03-28 00:00:00,45.81,NA,3.10,2.55,5.61,46.56,1.89,0.64,NA,NA,NA,NA,NA,NA,NA,NA,68.87,0.67,181.57,NA,NA,363.06,NA,-0.44
2020-03-29 00:00:00,36.43,NA,9.32,15.43,22.50,45.62,3.03,0.66,NA,NA,NA,NA,NA,NA,NA,NA,68.18,0.79,121.81,NA,NA,367.20,NA,-0.43
2020-03-30 00:00:00,40.85,NA,4.65,18.14,22.21,44.62,3.92,0.70,NA,NA,NA,NA,NA,NA,NA,NA,69.64,0.66,117.86,NA,NA,361.44,NA,-0.44
2020-03-31 00:00:00,45.81,NA,3.99,20.45,23.53,44.53,4.08,0.54,NA,NA,NA,NA,NA,NA,NA,NA,69.16,0.61,175.78,NA,NA,292.59,NA,-0.45
2020-04-01 00:00:00,53.28,NA,4.46,24.42,28.49,43.97,2.74,0.79,NA,NA,NA,NA,NA,NA,NA,NA,70.27,0.69,107.53,NA,NA,217.80,NA,-0.44
2020-04-02 00:00:00,51.31,NA,4.91,15.06,19.36,45.38,2.55,0.77,NA,NA,NA,NA,NA,NA,NA,NA,71.59,0.83,65.75,NA,NA,218.19,NA,-0.41
2020-04-03 00:00:00,37.18,NA,4.17,14.37,18.34,45.13,2.79,0.78,NA,NA,NA,NA,NA,NA,NA,NA,74.51,0.97,81.13,NA,NA,182.43,NA,-0.41
2020-04-04 00:00:00,27.57,NA,5.50,15.08,19.91,45.06,3.07,0.75,NA,NA,NA,NA,NA,NA,NA,NA,67.22,0.85,182.64,NA,NA,223.70,NA,-0.42
2020-04-05 00:00:00,31.35,NA,5.46,12.40,17.22,45.15,5.00,0.61,NA,NA,NA,NA,NA,NA,NA,NA,73.80,0.85,39.31,NA,NA,253.97,NA,-0.41
2020-04-06 00:00:00,21.99,NA,10.56,14.06,22.06,45.19,2.59,0.93,NA,NA,NA,NA,NA,NA,NA,NA,72.60,0.92,67.37,NA,NA,265.78,NA,-0.40
2020-04-07 00:00:00,21.72,NA,4.97,12.15,16.20,45.36,3.15,0.84,NA,NA,NA,NA,NA,NA,NA,NA,70.42,0.97,64.44,NA,NA,163.07,NA,-0.40
2020-04-08 00:00:00,28.26,NA,5.02,11.06,15.50,45.40,2.42,0.72,NA,NA,NA,NA,NA,NA,NA,NA,72.03,1.11,57.83,NA,NA,158.39,NA,-0.39
2020-04-09 00:00:00,23.56,NA,6.07,15.49,20.76,48.70,2.69,0.79,NA,NA,NA,NA,NA,NA,NA,NA,79.63,1.07,98.74,NA,NA,170.21,NA,-0.40
2020-04-10 00:00:00,24.19,NA,7.49,16.24,23.19,47.39,2.71,0.59,NA,NA,NA,NA,NA,NA,NA,NA,77.27,0.82,163.82,NA,NA,219.50,NA,-0.43
2020-04-11 00:00:00,25.32,NA,10.95,16.12,26.91,43.74,2.90,0.62,NA,NA,NA,NA,NA,NA,NA,NA,69.78,0.75,172.55,NA,NA,215.81,NA,-0.44
2020-04-12 00:00:00,28.53,NA,6.06,16.42,22.31,44.54,2.92,0.98,NA,NA,NA,NA,NA,NA,NA,NA,71.85,0.78,120.34,NA,NA,205.95,NA,-0.43
2020-04-13 00:00:00,30.27,NA,5.14,18.28,23.41,44.49,3.37,0.93,NA,NA,NA,NA,NA,NA,NA,NA,72.02,0.78,71.69,NA,NA,188.56,NA,-0.43
2020-04-14 00:00:00,28.75,NA,3.87,11.99,15.70,45.51,3.26,0.76,NA,NA,NA,NA,NA,NA,NA,NA,72.33,0.83,140.23,NA,NA,221.97,NA,-0.43
2020-04-15 00:00:00,20.95,NA,6.01,9.93,16.09,50.55,3.01,0.63,NA,NA,NA,NA,NA,NA,NA,NA,71.39,0.75,96.13,NA,NA,159.13,NA,-0.43
2020-04-16 00:00:00,19.76,NA,6.55,10.91,17.55,53.23,3.23,0.67,NA,NA,NA,NA,NA,NA,NA,NA,76.71,0.98,69.42,NA,NA,202.70,NA,-0.41
2020-04-17 00:00:00,10.38,NA,6.76,11.19,17.95,51.92,4.69,0.68,NA,NA,NA,NA,NA,NA,NA,NA,74.10,1.12,54.96,NA,NA,244.53,NA,-0.39
2020-04-18 00:00:00,14.35,NA,7.39,12.26,19.72,62.30,3.23,0.77,NA,NA,NA,NA,NA,NA,NA,NA,73.72,1.29,44.45,NA,NA,338.23,NA,-0.37
2020-04-19 00:00:00,13.78,NA,8.16,13.69,21.95,53.66,2.44,0.73,NA,NA,NA,NA,NA,NA,NA,NA,69.98,1.06,60.45,NA,NA,279.31,NA,-0.40
2020-04-20 00:00:00,16.61,NA,4.76,7.99,12.80,36.26,2.91,0.55,NA,NA,NA,NA,NA,NA,NA,NA,71.31,0.86,95.99,NA,NA,203.16,NA,-0.42
2020-04-21 00:00:00,22.93,NA,4.31,7.76,12.42,47.59,2.91,0.83,NA,NA,NA,NA,NA,NA,NA,NA,66.20,1.04,72.46,NA,NA,192.58,NA,-0.40
2020-04-22 00:00:00,23.06,NA,6.73,16.89,23.04,47.17,2.57,0.56,NA,NA,NA,NA,NA,NA,NA,NA,67.92,1.15,53.53,NA,NA,120.84,NA,-0.38
2020-04-23 00:00:00,12.32,NA,8.90,23.88,30.38,44.09,2.92,0.54,NA,NA,NA,NA,NA,NA,NA,NA,74.41,1.33,51.61,NA,NA,188.85,NA,-0.37
2020-04-24 00:00:00,14.04,NA,6.02,25.91,30.59,43.68,2.65,0.83,NA,NA,NA,NA,NA,NA,NA,NA,73.42,1.38,64.54,NA,NA,186.78,NA,-0.36
2020-04-25 00:00:00,20.14,NA,8.24,27.12,30.00,45.96,1.78,0.89,NA,NA,NA,NA,NA,NA,NA,NA,70.49,1.48,63.71,NA,NA,192.38,NA,-0.36
2020-04-26 00:00:00,19.33,NA,7.21,12.14,17.13,45.37,1.57,1.17,NA,NA,NA,NA,NA,NA,NA,NA,85.94,0.96,94.63,NA,NA,246.22,NA,-0.41
2020-04-27 00:00:00,16.83,NA,6.83,14.68,20.37,44.88,2.51,1.24,NA,NA,NA,NA,NA,NA,NA,NA,85.14,1.04,65.13,NA,NA,124.50,NA,-0.41
2020-04-28 00:00:00,8.29,NA,6.67,12.54,18.71,45.09,2.58,1.11,NA,NA,NA,NA,NA,NA,NA,NA,76.11,0.99,65.56,NA,NA,280.17,NA,-0.41
2020-04-29 00:00:00,17.41,NA,5.86,15.62,20.12,44.93,2.30,0.91,NA,NA,NA,NA,NA,NA,NA,NA,66.24,0.69,155.63,NA,NA,196.19,NA,-0.44
2020-04-30 00:00:00,17.13,NA,8.38,27.92,34.08,43.79,3.28,0.84,NA,NA,NA,NA,NA,NA,NA,NA,68.28,0.95,75.57,NA,NA,191.94,NA,-0.41
2020-05-01 00:00:00,18.64,NA,3.59,4.30,7.65,46.36,2.92,1.06,NA,NA,NA,NA,NA,NA,NA,NA,67.86,1.10,63.46,NA,NA,173.46,NA,-0.39
2020-05-02 00:00:00,15.09,NA,3.25,2.41,5.44,46.57,2.59,0.84,NA,NA,NA,NA,NA,NA,NA,NA,70.07,1.20,52.28,NA,NA,187.33,NA,-0.39
2020-05-03 00:00:00,12.60,NA,3.33,1.71,4.71,46.68,1.67,1.06,NA,NA,NA,NA,NA,NA,NA,NA,68.08,1.15,48.88,NA,NA,173.96,NA,-0.39
2020-05-04 00:00:00,7.55,NA,3.00,0.75,1.54,47.04,2.46,0.93,NA,NA,NA,NA,NA,NA,NA,NA,68.98,1.19,55.47,NA,NA,56.09,NA,-0.39
2020-05-05 00:00:00,6.00,NA,3.61,5.39,7.09,46.47,1.75,1.11,NA,NA,NA,NA,NA,NA,NA,NA,71.37,1.24,38.18,NA,NA,189.52,NA,-0.38
2020-05-06 00:00:00,8.47,NA,3.08,8.56,11.47,45.32,2.25,0.86,NA,NA,NA,NA,NA,NA,NA,NA,70.06,1.14,49.22,NA,NA,174.22,NA,-0.39
2020-05-07 00:00:00,10.18,NA,2.86,8.78,11.11,44.93,2.85,1.00,NA,NA,NA,NA,NA,NA,NA,NA,70.58,0.99,47.69,NA,NA,166.15,NA,-0.41
2020-05-08 00:00:00,13.65,NA,2.60,7.04,8.98,45.49,2.61,0.90,NA,NA,NA,NA,NA,NA,NA,NA,69.06,1.08,64.40,NA,NA,48.54,NA,-0.40
2020-05-09 00:00:00,13.29,NA,2.74,5.70,7.97,45.57,2.66,0.83,NA,NA,NA,NA,NA,NA,NA,NA,70.36,0.95,104.15,NA,NA,219.40,NA,-0.41
2020-05-10 00:00:00,15.11,NA,3.62,5.08,7.85,45.60,2.09,0.94,NA,NA,NA,NA,NA,NA,NA,NA,68.59,0.91,187.97,NA,NA,251.25,NA,-0.42
2020-05-11 00:00:00,11.40,NA,3.65,6.01,9.24,44.94,2.98,0.87,NA,NA,NA,NA,NA,NA,NA,NA,28.93,0.80,222.78,NA,NA,172.60,NA,-0.43
2020-05-12 00:00:00,11.08,NA,3.57,7.97,11.43,44.49,2.60,0.87,NA,NA,NA,NA,NA,NA,NA,NA,47.38,0.72,159.57,NA,NA,174.13,NA,-0.43
2020-05-13 00:00:00,9.80,NA,2.15,7.45,8.96,46.94,2.42,0.55,NA,NA,NA,NA,NA,NA,NA,NA,33.05,0.84,115.24,NA,NA,187.28,NA,-0.42
2020-05-14 00:00:00,15.52,NA,6.42,16.45,22.39,43.19,3.04,0.73,NA,NA,NA,NA,NA,NA,NA,NA,18.87,0.77,238.46,NA,NA,171.11,NA,-0.43
2020-05-15 00:00:00,42.69,NA,13.73,24.29,37.63,41.09,2.31,1.05,NA,NA,NA,NA,NA,NA,NA,NA,21.85,1.01,274.66,NA,NA,175.58,NA,-0.42
2020-05-16 00:00:00,70.33,NA,6.31,12.23,18.05,45.44,3.62,1.06,NA,NA,NA,NA,NA,NA,NA,NA,42.03,1.12,270.36,NA,NA,35.65,NA,-0.41
2020-05-17 00:00:00,25.70,NA,8.01,22.27,29.82,43.27,2.79,0.60,NA,NA,NA,NA,NA,NA,NA,NA,30.34,0.89,256.34,NA,NA,165.77,NA,-0.43
2020-05-18 00:00:00,37.82,NA,5.47,17.86,23.00,44.59,4.13,1.74,NA,NA,NA,NA,NA,NA,NA,NA,0.43,0.72,191.23,NA,NA,183.89,NA,-0.44
2020-05-19 00:00:00,48.86,NA,6.48,40.78,46.03,42.66,3.45,1.12,NA,NA,NA,NA,NA,NA,NA,NA,0.42,0.91,131.33,NA,NA,246.77,NA,-0.41
2020-05-20 00:00:00,46.46,NA,5.05,31.55,36.09,NA,2.84,1.50,NA,NA,NA,NA,NA,NA,NA,NA,0.40,1.09,142.32,NA,NA,163.29,NA,-0.40
2020-05-21 00:00:00,47.68,NA,4.08,25.01,28.67,NA,2.85,1.56,NA,NA,NA,NA,NA,NA,NA,NA,0.41,1.29,97.65,NA,NA,166.26,NA,-0.38
2020-05-22 00:00:00,49.98,NA,3.74,24.46,28.01,NA,2.20,1.34,NA,NA,NA,NA,NA,NA,NA,NA,NA,1.19,83.66,NA,NA,185.76,NA,-0.39
2020-05-23 00:00:00,39.28,NA,4.57,17.92,21.87,NA,2.33,1.10,NA,NA,NA,NA,NA,NA,NA,NA,NA,1.26,63.77,NA,NA,167.15,NA,-0.38
2020-05-24 00:00:00,45.15,NA,6.61,11.99,17.65,NA,2.05,2.22,NA,NA,NA,NA,NA,NA,NA,NA,NA,1.37,40.00,NA,NA,173.55,NA,-0.37
2020-05-25 00:00:00,53.85,NA,6.24,14.39,19.13,NA,2.64,1.64,NA,NA,NA,NA,NA,NA,NA,NA,NA,1.26,46.28,NA,NA,151.05,NA,-0.38
2020-05-26 00:00:00,55.20,NA,8.86,16.79,23.71,NA,2.18,1.60,NA,NA,NA,NA,NA,NA,NA,NA,NA,1.19,40.21,NA,NA,175.67,NA,-0.38
2020-05-27 00:00:00,37.28,NA,8.11,17.92,23.80,NA,3.28,1.83,NA,NA,NA,NA,NA,NA,NA,NA,NA,1.36,56.61,NA,NA,214.40,NA,-0.36
2020-05-28 00:00:00,58.44,NA,11.81,17.05,26.09,NA,2.02,2.13,NA,NA,NA,NA,NA,NA,NA,NA,NA,1.51,76.37,NA,NA,222.77,NA,-0.36
2020-05-29 00:00:00,60.46,NA,12.03,23.40,32.88,NA,2.43,1.73,NA,NA,NA,NA,NA,NA,NA,NA,NA,1.20,76.15,NA,NA,154.99,NA,-0.38
2020-05-30 00:00:00,69.71,NA,8.05,18.31,25.06,44.46,2.79,1.64,NA,NA,NA,NA,NA,NA,NA,NA,NA,1.37,60.80,NA,NA,162.21,NA,-0.37
2020-05-31 00:00:00,39.42,NA,6.59,14.98,20.56,45.07,1.17,2.18,NA,NA,NA,NA,NA,NA,NA,NA,NA,1.51,57.64,NA,NA,173.33,NA,-0.35
2020-06-01 00:00:00,36.41,NA,7.38,16.86,23.37,44.63,3.08,1.97,NA,NA,NA,NA,NA,NA,NA,NA,NA,1.24,82.34,NA,NA,37.87,NA,-0.38
2020-06-02 00:00:00,35.54,NA,9.94,16.05,24.16,45.93,2.46,1.57,NA,NA,NA,NA,NA,NA,NA,NA,NA,1.18,72.69,NA,NA,132.72,NA,-0.38
2020-06-03 00:00:00,37.33,NA,8.94,17.66,24.98,44.50,1.91,1.58,NA,NA,NA,NA,NA,NA,NA,NA,NA,1.38,72.91,NA,NA,181.62,NA,-0.36
2020-06-04 00:00:00,34.41,NA,8.46,16.52,23.77,44.91,2.42,1.58,NA,NA,NA,NA,NA,NA,NA,NA,NA,1.37,71.47,NA,NA,188.35,NA,-0.36
2020-06-05 00:00:00,34.62,NA,9.23,16.52,24.06,45.71,2.11,1.71,NA,NA,NA,NA,NA,NA,NA,NA,0.72,1.21,78.45,NA,NA,147.56,NA,-0.38
2020-06-06 00:00:00,41.99,NA,6.71,21.57,26.99,44.54,2.37,1.96,NA,NA,NA,NA,NA,NA,NA,NA,NA,1.11,93.72,NA,NA,150.38,NA,-0.39
2020-06-07 00:00:00,37.00,NA,6.37,24.12,29.73,44.11,2.82,1.74,NA,NA,NA,NA,NA,NA,NA,NA,NA,0.89,121.24,NA,NA,132.62,NA,-0.41
2020-06-08 00:00:00,37.02,NA,14.03,28.51,37.76,45.97,2.52,1.82,NA,NA,NA,NA,NA,NA,NA,NA,NA,0.96,150.15,NA,NA,152.57,NA,-0.41
2020-06-09 00:00:00,39.17,NA,10.78,38.18,46.37,42.42,2.27,1.86,NA,NA,NA,NA,NA,NA,NA,NA,NA,0.94,133.54,NA,NA,129.20,NA,-0.42
2020-06-10 00:00:00,52.51,NA,14.42,33.84,43.12,45.28,1.96,1.83,NA,NA,NA,NA,NA,NA,NA,NA,NA,0.74,138.53,NA,NA,105.93,NA,-0.44
2020-06-11 00:00:00,45.14,NA,11.83,27.80,38.63,42.52,3.63,2.63,NA,NA,NA,NA,NA,NA,NA,NA,NA,0.84,171.95,NA,NA,114.79,NA,-0.42
2020-06-12 00:00:00,45.07,NA,5.95,25.48,30.67,43.81,3.29,2.20,NA,NA,NA,NA,NA,NA,NA,NA,NA,0.99,126.35,NA,NA,131.32,NA,-0.41
2020-06-13 00:00:00,40.14,NA,4.47,20.29,23.70,45.71,2.48,1.32,NA,NA,NA,NA,NA,NA,NA,NA,NA,1.16,105.95,NA,NA,120.70,NA,-0.39
2020-06-14 00:00:00,37.63,NA,6.83,19.53,24.89,44.32,1.88,1.71,NA,NA,NA,NA,NA,NA,NA,NA,NA,1.12,138.22,NA,NA,152.37,NA,-0.39
2020-06-15 00:00:00,28.59,NA,6.00,18.78,23.67,44.58,2.34,2.10,NA,NA,NA,NA,NA,NA,NA,NA,NA,1.13,149.36,NA,NA,138.55,NA,-0.39
2020-06-16 00:00:00,49.47,NA,5.94,22.70,27.01,45.23,4.33,2.21,NA,NA,NA,NA,NA,NA,NA,NA,65.38,1.20,105.64,NA,NA,117.98,NA,-0.38
2020-06-17 00:00:00,62.37,NA,7.31,37.03,43.27,42.21,5.71,1.67,NA,NA,NA,NA,NA,NA,NA,NA,60.12,1.12,121.59,NA,NA,137.40,949.10,-0.39
2020-06-18 00:00:00,48.02,NA,4.93,39.63,44.15,42.22,3.74,2.11,NA,NA,NA,NA,NA,NA,NA,NA,57.91,1.03,118.32,NA,NA,141.50,NA,-0.40
2020-06-19 00:00:00,53.22,NA,5.27,36.01,39.44,42.82,8.82,1.62,NA,NA,NA,NA,NA,NA,NA,NA,58.76,1.01,131.91,NA,NA,140.04,NA,-0.40
2020-06-20 00:00:00,45.47,NA,8.72,38.95,46.03,41.97,4.50,2.11,NA,NA,NA,NA,NA,NA,NA,NA,60.17,0.85,175.77,NA,NA,114.55,NA,-0.42
2020-06-21 00:00:00,42.05,NA,7.78,35.52,42.31,42.67,6.13,1.88,NA,NA,NA,NA,NA,NA,NA,NA,67.69,0.76,177.32,NA,NA,131.03,NA,-0.43
2020-06-22 00:00:00,36.44,NA,5.63,17.27,22.23,44.88,8.67,2.08,NA,NA,NA,NA,NA,NA,NA,NA,68.37,0.95,154.38,NA,NA,155.15,NA,-0.41
2020-06-23 00:00:00,40.64,NA,6.09,14.91,20.39,45.32,5.63,2.15,NA,NA,NA,NA,NA,NA,NA,NA,65.03,1.04,140.73,NA,NA,197.29,NA,-0.40
2020-06-24 00:00:00,46.13,NA,5.59,20.32,25.24,44.60,4.49,1.84,NA,NA,NA,NA,NA,NA,NA,NA,67.60,0.95,98.40,NA,NA,181.21,NA,-0.41
2020-06-25 00:00:00,38.83,NA,9.78,28.55,37.47,43.70,7.92,1.94,NA,NA,NA,NA,NA,NA,NA,NA,73.85,0.77,159.10,NA,NA,113.57,NA,-0.43
2020-06-26 00:00:00,39.66,NA,4.15,15.95,18.81,45.36,4.85,2.10,NA,NA,NA,NA,NA,NA,NA,NA,71.49,0.90,86.87,NA,NA,198.98,NA,-0.41
2020-06-27 00:00:00,32.14,NA,7.19,33.37,38.77,43.18,8.30,2.23,NA,NA,NA,NA,NA,NA,NA,NA,70.64,1.04,98.50,NA,NA,216.92,NA,-0.40
2020-06-28 00:00:00,45.71,NA,5.25,19.32,23.52,46.66,6.34,1.26,NA,NA,NA,NA,NA,NA,NA,NA,77.54,0.85,127.42,NA,NA,117.22,NA,-0.42
2020-06-29 00:00:00,47.78,NA,3.94,21.45,24.90,44.31,5.01,1.92,NA,NA,NA,NA,NA,NA,NA,NA,74.52,0.78,98.87,NA,NA,149.32,NA,-0.43
2020-06-30 00:00:00,50.33,NA,5.05,20.15,24.39,44.45,5.61,2.38,NA,NA,NA,NA,NA,NA,NA,NA,75.17,0.85,142.80,NA,NA,159.66,NA,-0.41
2020-07-01 00:00:00,39.82,NA,4.17,21.83,25.46,44.31,4.45,2.04,NA,NA,NA,NA,NA,NA,NA,NA,72.13,0.62,135.16,NA,NA,178.67,NA,-0.45
2020-07-02 00:00:00,23.80,NA,11.16,26.51,34.60,43.71,5.42,2.31,NA,NA,NA,NA,NA,NA,NA,NA,79.94,0.75,160.25,NA,NA,162.75,NA,-0.44
2020-07-03 00:00:00,31.66,NA,7.99,23.27,29.52,44.32,3.85,2.37,NA,NA,NA,NA,NA,NA,NA,NA,70.39,1.07,150.13,NA,NA,164.76,NA,-0.40
2020-07-04 00:00:00,32.42,NA,6.72,18.20,23.47,44.54,4.26,2.05,NA,NA,NA,NA,NA,NA,NA,NA,76.47,1.13,130.58,NA,NA,123.89,NA,-0.40
2020-07-05 00:00:00,33.36,NA,4.54,20.52,24.40,44.38,4.81,2.48,NA,NA,NA,NA,NA,NA,NA,NA,71.88,0.92,131.29,NA,NA,107.02,NA,-0.42
2020-07-06 00:00:00,33.27,NA,4.91,27.62,31.94,43.46,5.47,2.33,NA,NA,NA,NA,NA,NA,NA,NA,71.82,0.87,128.89,NA,NA,97.43,NA,-0.42
2020-07-07 00:00:00,29.91,NA,3.67,18.01,20.94,45.27,3.93,1.89,NA,NA,NA,NA,NA,NA,NA,NA,66.41,0.91,117.35,NA,NA,26.87,NA,-0.41
2020-07-08 00:00:00,37.23,NA,4.20,19.27,22.90,45.22,3.53,1.61,NA,NA,NA,NA,NA,NA,NA,NA,72.59,1.03,131.59,NA,NA,56.79,NA,-0.40
2020-07-09 00:00:00,37.50,NA,4.34,23.15,27.02,44.02,3.94,1.40,NA,NA,NA,NA,NA,NA,NA,NA,73.91,0.73,102.71,NA,NA,26.46,NA,-0.43
2020-07-10 00:00:00,34.96,NA,4.31,21.71,25.17,44.42,3.38,2.49,NA,NA,NA,NA,NA,NA,NA,NA,80.96,0.84,150.92,NA,NA,151.25,NA,-0.42
2020-07-11 00:00:00,35.90,NA,5.11,23.03,25.81,47.71,2.30,1.44,NA,NA,NA,NA,NA,NA,NA,NA,77.07,1.04,120.70,NA,NA,137.44,NA,-0.40
2020-07-12 00:00:00,29.15,NA,5.44,24.20,27.31,44.30,1.67,1.99,NA,NA,NA,NA,NA,NA,NA,NA,72.52,0.84,181.68,NA,NA,151.11,NA,-0.42
2020-07-13 00:00:00,38.67,NA,5.53,34.74,38.62,42.77,1.98,1.42,NA,NA,NA,NA,NA,NA,NA,NA,78.41,0.84,128.77,NA,NA,173.14,975.20,-0.42
2020-07-14 00:00:00,55.89,NA,5.17,26.26,30.45,44.08,4.41,1.83,NA,NA,NA,NA,NA,NA,NA,NA,78.22,0.82,140.83,NA,NA,200.28,996.99,-0.43
2020-07-15 00:00:00,60.73,NA,10.32,65.88,73.94,38.56,2.17,1.84,NA,NA,NA,NA,NA,NA,NA,NA,74.53,0.79,141.21,NA,NA,137.15,997.38,-0.43
2020-07-16 00:00:00,49.89,NA,10.17,58.02,66.37,45.20,2.17,1.37,NA,NA,NA,NA,NA,NA,NA,NA,77.79,0.77,149.33,NA,NA,133.59,998.71,-0.44
2020-07-17 00:00:00,54.60,NA,6.04,22.12,27.88,58.27,11.57,2.30,NA,NA,NA,NA,NA,NA,NA,NA,73.80,0.73,115.07,NA,NA,166.14,998.32,-0.44
2020-07-18 00:00:00,42.48,NA,5.38,22.04,27.05,57.40,5.88,1.65,NA,NA,NA,NA,NA,NA,NA,NA,75.02,0.62,113.89,NA,NA,133.11,999.53,-0.45
2020-07-19 00:00:00,39.49,NA,5.22,19.19,24.02,54.94,2.06,1.66,NA,NA,NA,NA,NA,NA,NA,NA,85.28,0.64,113.41,NA,NA,144.90,999.56,-0.44
2020-07-20 00:00:00,28.33,NA,4.48,18.31,22.62,54.24,2.45,1.94,NA,NA,NA,NA,NA,NA,NA,NA,74.99,1.04,108.74,NA,NA,161.40,998.60,-0.39
2020-07-21 00:00:00,43.64,NA,5.24,15.48,19.84,51.68,6.19,1.41,NA,NA,NA,NA,NA,NA,NA,NA,77.71,0.95,78.89,NA,NA,99.34,999.51,-0.40
2020-07-22 00:00:00,37.63,NA,4.34,8.58,12.88,46.74,2.79,1.96,NA,NA,NA,NA,NA,NA,NA,NA,75.18,1.06,95.54,NA,NA,165.24,999.30,-0.39
2020-07-23 00:00:00,44.55,NA,4.35,8.43,12.73,46.51,1.95,1.39,NA,NA,NA,NA,NA,NA,NA,NA,73.58,1.23,103.15,NA,NA,161.76,999.34,-0.38
2020-07-24 00:00:00,54.81,NA,4.33,8.77,13.05,46.93,4.53,1.82,NA,NA,NA,NA,NA,NA,NA,NA,75.28,1.16,116.07,NA,NA,142.37,999.43,-0.39
2020-07-25 00:00:00,73.80,NA,4.53,11.07,15.53,48.67,1.83,1.71,NA,NA,NA,NA,NA,NA,NA,NA,78.13,0.84,186.18,NA,NA,126.01,NA,-0.43
2020-07-26 00:00:00,59.31,NA,4.41,9.79,14.19,47.74,1.91,1.41,NA,NA,NA,NA,NA,NA,NA,NA,72.82,0.75,161.15,NA,NA,113.07,NA,-0.43
2020-07-27 00:00:00,89.56,NA,4.45,10.52,14.84,47.86,2.45,1.66,NA,NA,NA,NA,NA,NA,NA,NA,69.48,0.63,166.62,NA,NA,129.50,999.03,-0.45
2020-07-28 00:00:00,64.65,NA,5.62,10.26,15.76,48.99,2.62,1.38,NA,NA,NA,NA,NA,NA,NA,NA,73.48,0.64,184.07,NA,NA,137.61,999.30,-0.44
2020-07-29 00:00:00,33.40,NA,5.16,10.96,16.10,49.41,3.66,1.85,NA,NA,NA,NA,NA,NA,NA,NA,93.87,0.69,160.15,NA,NA,129.74,998.71,-0.45
2020-07-30 00:00:00,35.53,NA,4.70,10.49,15.18,48.62,3.43,2.11,NA,NA,NA,NA,NA,NA,NA,NA,81.36,0.67,156.85,NA,NA,148.45,998.86,-0.45
2020-07-31 00:00:00,38.78,NA,4.41,9.63,14.04,47.69,3.09,1.91,NA,NA,NA,NA,NA,NA,NA,NA,77.65,0.98,108.54,NA,NA,149.24,998.90,-0.41
2020-08-01 00:00:00,27.90,NA,4.34,10.33,14.41,47.47,3.86,1.62,NA,NA,NA,NA,NA,NA,NA,NA,84.54,0.88,157.87,NA,NA,170.27,998.83,-0.42
2020-08-02 00:00:00,41.75,NA,4.48,10.53,14.22,47.04,2.40,1.22,NA,NA,NA,NA,NA,NA,NA,NA,79.38,0.79,163.83,NA,NA,152.31,998.84,-0.43
2020-08-03 00:00:00,44.55,NA,4.74,10.48,15.19,48.60,16.04,1.59,NA,NA,NA,NA,NA,NA,NA,NA,81.83,0.81,148.23,NA,NA,102.62,998.24,-0.43
2020-08-04 00:00:00,43.43,NA,4.75,11.53,16.22,49.35,3.65,1.76,NA,NA,NA,NA,NA,NA,NA,NA,68.25,1.00,149.35,NA,NA,144.19,996.79,-0.41
2020-08-05 00:00:00,32.01,NA,4.49,13.69,17.76,49.34,4.69,1.15,NA,NA,NA,NA,NA,NA,NA,NA,67.42,0.97,133.96,NA,NA,121.44,995.72,-0.42
2020-08-06 00:00:00,30.41,NA,4.83,11.94,16.33,49.08,2.40,1.21,NA,NA,NA,NA,NA,NA,NA,NA,68.21,1.28,115.72,NA,NA,167.70,997.01,-0.38
2020-08-07 00:00:00,45.85,NA,4.48,11.23,15.57,48.68,3.02,2.31,NA,NA,NA,NA,NA,NA,NA,NA,71.11,0.83,110.32,NA,NA,130.99,998.60,-0.42
2020-08-08 00:00:00,45.14,NA,5.11,11.54,16.30,48.91,3.12,2.37,NA,NA,NA,NA,NA,NA,NA,NA,70.32,0.69,160.69,NA,NA,179.99,998.93,-0.44
2020-08-09 00:00:00,28.90,NA,4.46,9.03,13.46,47.17,2.65,1.71,NA,NA,NA,NA,NA,NA,NA,NA,84.33,1.05,136.51,NA,NA,219.34,998.72,-0.41
2020-08-10 00:00:00,18.69,NA,4.55,10.19,14.72,48.19,2.83,2.13,NA,NA,NA,NA,NA,NA,NA,NA,77.91,0.79,154.36,NA,NA,121.75,998.90,-0.43
2020-08-11 00:00:00,48.16,NA,5.11,10.47,15.22,48.76,2.99,1.11,NA,NA,NA,NA,NA,NA,NA,NA,74.97,0.83,137.72,NA,NA,121.07,999.49,-0.43
2020-08-12 00:00:00,61.30,NA,4.64,10.35,14.93,48.32,3.74,1.85,NA,NA,NA,NA,NA,NA,NA,NA,82.39,0.61,140.99,NA,NA,152.29,999.64,-0.45
2020-08-13 00:00:00,60.09,NA,5.06,10.93,15.71,48.80,4.32,1.41,NA,NA,NA,NA,NA,NA,NA,NA,73.62,0.68,172.22,NA,NA,164.97,999.11,-0.45
2020-08-14 00:00:00,45.12,NA,4.95,9.60,14.53,48.19,4.68,1.60,NA,NA,NA,NA,NA,NA,NA,NA,75.50,0.66,144.75,NA,NA,172.66,998.74,-0.45
2020-08-15 00:00:00,35.97,NA,4.69,10.81,15.48,48.76,3.15,1.52,NA,NA,NA,NA,NA,NA,NA,NA,71.41,0.78,139.36,NA,NA,114.11,998.92,-0.44
2020-08-16 00:00:00,43.70,NA,4.60,8.82,13.39,47.12,3.66,1.46,NA,NA,NA,NA,NA,NA,NA,NA,73.29,0.60,157.19,NA,NA,120.06,999.38,-0.45
2020-08-17 00:00:00,36.29,NA,4.75,13.58,17.73,49.44,4.24,1.09,NA,NA,NA,NA,NA,NA,NA,NA,72.20,0.57,129.04,NA,NA,154.42,998.79,-0.45
2020-08-18 00:00:00,32.73,NA,4.97,11.24,16.20,49.43,4.44,1.20,NA,NA,NA,NA,NA,NA,NA,NA,77.23,0.69,141.30,NA,NA,181.41,998.93,-0.45
2020-08-19 00:00:00,41.82,NA,4.56,11.86,16.42,49.46,3.97,1.32,NA,NA,NA,NA,NA,NA,NA,NA,73.48,0.66,139.18,NA,NA,207.90,998.35,-0.44
2020-08-20 00:00:00,26.99,NA,4.72,11.28,15.95,49.08,4.31,1.13,NA,NA,NA,NA,NA,NA,NA,NA,74.12,0.69,133.05,NA,NA,216.15,998.40,-0.44
2020-08-21 00:00:00,17.75,NA,4.34,10.28,14.59,47.95,3.83,1.34,NA,NA,NA,NA,NA,NA,NA,NA,76.48,0.89,96.81,NA,NA,166.10,999.38,-0.41
2020-08-22 00:00:00,41.64,NA,4.19,9.06,13.24,46.99,5.60,1.54,NA,NA,NA,NA,NA,NA,NA,NA,80.69,1.01,90.25,NA,NA,162.15,999.95,-0.40
2020-08-23 00:00:00,24.28,NA,4.22,8.76,12.98,46.71,5.29,1.83,NA,NA,NA,NA,NA,NA,NA,NA,83.84,0.88,119.10,NA,NA,98.44,999.81,-0.42
2020-08-24 00:00:00,11.62,NA,4.52,9.54,14.01,47.75,11.62,1.62,NA,NA,NA,NA,NA,NA,NA,NA,82.88,0.79,105.68,NA,NA,183.96,NA,-0.43
2020-08-25 00:00:00,54.45,NA,4.74,11.35,16.09,49.39,4.37,1.37,NA,NA,NA,NA,NA,NA,NA,NA,85.07,0.66,182.82,NA,NA,156.20,NA,-0.45
2020-08-26 00:00:00,62.23,NA,4.27,13.36,17.57,50.10,6.12,1.50,NA,NA,NA,NA,NA,NA,NA,NA,81.04,0.61,153.06,NA,NA,200.08,999.66,-0.45
2020-08-27 00:00:00,57.78,NA,4.28,12.56,16.82,49.61,4.95,1.56,NA,NA,NA,NA,NA,NA,NA,NA,77.26,0.72,141.18,NA,NA,225.43,999.19,-0.44
2020-08-28 00:00:00,44.10,NA,4.12,12.71,16.32,48.82,9.38,1.23,NA,NA,NA,NA,NA,NA,NA,NA,84.08,0.64,101.68,NA,NA,162.53,999.45,-0.44
2020-08-29 00:00:00,43.17,NA,4.20,10.18,14.38,47.71,15.24,0.93,NA,NA,NA,NA,NA,NA,NA,NA,81.70,0.82,100.31,NA,NA,94.23,999.18,-0.42
2020-08-30 00:00:00,42.39,NA,4.34,12.20,16.49,49.35,12.09,1.34,NA,NA,NA,NA,NA,NA,NA,NA,81.47,0.72,190.52,NA,NA,152.53,999.36,-0.44
2020-08-31 00:00:00,26.04,NA,4.86,12.26,17.11,50.02,14.79,1.55,NA,NA,NA,NA,NA,NA,NA,NA,69.79,0.77,237.42,NA,NA,160.85,998.89,-0.44
2020-09-01 00:00:00,58.12,NA,4.41,10.32,14.73,48.09,8.88,1.81,NA,NA,NA,NA,NA,NA,NA,NA,74.07,0.64,199.44,NA,NA,91.68,999.55,-0.45
2020-09-02 00:00:00,31.66,NA,4.51,11.66,16.10,49.00,11.98,0.79,NA,NA,NA,NA,NA,NA,NA,NA,76.49,0.60,194.04,NA,NA,102.70,999.40,-0.46
2020-09-03 00:00:00,49.83,NA,4.45,11.65,16.09,49.19,16.39,1.05,NA,NA,NA,NA,NA,NA,NA,NA,80.04,0.59,204.29,NA,NA,182.22,999.87,-0.45
2020-09-04 00:00:00,58.76,NA,6.19,23.71,29.48,59.65,23.35,1.00,NA,NA,NA,NA,NA,NA,NA,NA,81.73,0.57,157.77,NA,NA,125.27,999.51,-0.46
2020-09-05 00:00:00,28.38,NA,8.26,27.41,35.20,64.70,10.39,1.08,NA,NA,NA,NA,NA,NA,NA,NA,81.11,0.59,171.93,NA,NA,144.10,999.77,-0.46
2020-09-06 00:00:00,19.44,NA,5.80,25.41,29.63,58.61,10.02,1.16,NA,NA,NA,NA,NA,NA,NA,NA,83.41,0.62,136.52,NA,NA,126.37,999.82,-0.45
2020-09-07 00:00:00,12.89,NA,8.79,28.30,36.46,65.92,15.66,1.05,NA,NA,NA,NA,NA,NA,NA,NA,82.43,0.64,160.59,NA,NA,161.82,999.75,-0.45
2020-09-08 00:00:00,20.67,NA,5.38,25.03,29.00,58.71,20.78,1.03,NA,NA,NA,NA,NA,NA,NA,NA,75.18,0.59,124.07,NA,NA,195.70,999.21,-0.45
2020-09-09 00:00:00,8.31,NA,5.17,26.34,30.36,61.59,35.78,1.34,NA,NA,NA,NA,NA,NA,NA,NA,82.21,0.81,119.53,NA,NA,156.99,999.03,-0.43
2020-09-10 00:00:00,53.83,NA,4.97,25.29,27.44,58.32,15.79,0.91,NA,NA,NA,NA,NA,NA,NA,NA,79.28,0.86,128.36,NA,NA,190.56,998.58,-0.42
2020-09-11 00:00:00,55.44,NA,5.04,26.97,30.97,62.55,6.91,0.99,NA,NA,NA,NA,NA,NA,NA,NA,68.62,0.80,140.44,NA,NA,141.91,998.73,-0.43
2020-09-12 00:00:00,28.52,NA,4.55,30.28,33.61,63.70,5.42,0.88,NA,NA,NA,NA,NA,NA,NA,NA,71.36,0.87,147.36,NA,NA,189.05,999.72,-0.42
2020-09-13 00:00:00,25.29,NA,6.01,24.79,29.97,61.93,11.60,0.93,NA,NA,NA,NA,NA,NA,NA,NA,89.33,0.76,152.04,NA,NA,228.33,999.82,-0.44
2020-09-14 00:00:00,35.83,NA,7.81,21.00,27.59,59.85,16.00,0.94,NA,NA,NA,NA,NA,NA,NA,NA,84.20,0.78,169.01,NA,NA,138.65,999.25,-0.43
2020-09-15 00:00:00,37.05,NA,12.76,25.78,37.63,70.48,29.80,1.03,NA,NA,NA,NA,NA,NA,NA,NA,84.20,0.63,136.09,NA,NA,194.78,999.02,-0.45
2020-09-16 00:00:00,39.64,NA,4.55,27.88,31.32,62.30,33.33,1.05,NA,NA,NA,NA,NA,NA,NA,NA,81.98,0.57,136.85,NA,NA,202.88,998.98,-0.46
2020-09-17 00:00:00,42.96,NA,6.23,27.15,32.69,64.46,24.59,0.98,NA,NA,NA,NA,NA,NA,NA,NA,77.94,0.74,137.23,NA,NA,185.31,999.08,-0.44
2020-09-18 00:00:00,48.68,NA,9.29,26.12,34.26,66.17,25.58,0.93,NA,NA,NA,NA,NA,NA,NA,NA,74.77,0.74,144.74,NA,NA,142.50,998.35,-0.44
2020-09-19 00:00:00,33.05,NA,6.43,20.59,25.87,59.35,7.71,1.05,NA,NA,NA,NA,NA,NA,NA,NA,89.94,0.55,173.70,NA,NA,156.18,998.11,-0.46
2020-09-20 00:00:00,37.22,NA,3.34,7.43,10.76,47.38,15.26,1.06,NA,NA,NA,NA,NA,NA,NA,NA,77.74,1.09,149.13,NA,NA,128.99,997.82,-0.40
2020-09-21 00:00:00,60.22,NA,4.21,11.48,15.53,51.06,24.05,0.89,NA,NA,NA,NA,NA,NA,NA,NA,70.74,0.86,128.47,NA,NA,160.62,998.20,-0.43
2020-09-22 00:00:00,58.50,NA,4.55,12.71,17.05,51.91,39.61,0.61,NA,NA,NA,NA,NA,NA,NA,NA,69.41,1.16,127.90,NA,NA,282.71,998.35,-0.40
2020-09-23 00:00:00,62.86,NA,3.38,10.70,14.05,49.74,21.07,0.89,NA,NA,NA,NA,NA,NA,NA,NA,68.62,0.74,130.31,NA,NA,50.91,999.26,-0.43
2020-09-24 00:00:00,52.69,NA,4.23,9.45,13.49,49.57,15.94,0.88,NA,NA,NA,NA,NA,NA,NA,NA,70.13,0.72,111.31,NA,NA,57.80,999.78,-0.43
2020-09-25 00:00:00,31.88,NA,3.15,8.90,11.97,48.30,15.81,0.75,NA,NA,NA,NA,NA,NA,NA,NA,82.08,0.94,122.46,NA,NA,27.76,999.55,-0.41
2020-09-26 00:00:00,34.61,NA,4.46,24.97,28.11,61.14,24.47,0.95,NA,NA,NA,NA,NA,NA,NA,NA,81.18,0.59,151.09,NA,NA,192.14,963.53,-0.46
2020-09-27 00:00:00,53.79,NA,5.14,29.04,33.21,64.15,22.98,1.41,NA,NA,NA,NA,NA,NA,NA,NA,82.01,0.51,198.02,NA,NA,267.55,1000.00,-0.47
2020-09-28 00:00:00,67.75,NA,4.46,28.68,31.81,63.11,28.77,1.09,NA,NA,NA,NA,NA,NA,NA,NA,74.99,0.68,175.05,NA,NA,260.37,999.36,-0.45
2020-09-29 00:00:00,52.56,NA,4.70,29.73,31.42,62.13,16.58,0.42,NA,NA,NA,NA,NA,NA,NA,NA,81.16,0.67,182.35,NA,NA,44.38,998.87,-0.44
2020-09-30 00:00:00,44.04,NA,5.67,27.07,31.64,63.73,8.57,1.34,NA,NA,NA,NA,NA,NA,NA,NA,85.03,0.63,181.85,NA,NA,29.83,998.97,-0.45
2020-10-01 00:00:00,48.78,NA,7.48,40.17,46.48,74.90,24.66,1.12,NA,NA,NA,NA,NA,NA,NA,NA,74.61,0.50,184.07,NA,NA,39.40,998.48,-0.46
2020-10-02 00:00:00,11.20,NA,4.20,36.81,39.67,68.86,20.47,0.72,NA,NA,NA,NA,NA,NA,NA,NA,72.29,0.62,153.18,NA,NA,41.25,999.10,-0.45
2020-10-03 00:00:00,18.43,NA,4.50,25.57,28.73,60.52,34.58,0.84,NA,NA,NA,NA,NA,NA,NA,NA,70.88,0.72,164.60,NA,NA,30.48,998.90,-0.44
2020-10-04 00:00:00,25.55,NA,4.26,25.41,28.93,61.38,31.81,0.91,NA,NA,NA,NA,NA,NA,NA,NA,68.57,0.67,164.70,NA,NA,23.85,999.34,-0.44
2020-10-05 00:00:00,36.33,NA,4.32,35.89,39.18,68.64,35.81,0.45,NA,NA,NA,NA,NA,NA,NA,NA,61.87,0.58,185.82,NA,NA,53.51,998.98,-0.45
2020-10-06 00:00:00,46.86,NA,4.29,35.10,37.56,66.51,40.74,1.10,NA,NA,NA,NA,NA,NA,NA,NA,68.51,0.57,132.45,NA,NA,53.18,999.09,-0.46
2020-10-07 00:00:00,47.46,NA,4.00,25.24,27.20,59.44,42.26,1.20,NA,NA,NA,NA,NA,NA,NA,NA,75.17,0.73,107.10,NA,NA,239.88,999.05,-0.44
2020-10-08 00:00:00,35.23,NA,3.61,21.45,23.06,55.71,8.48,1.14,NA,NA,NA,NA,NA,NA,NA,NA,85.56,0.72,78.29,NA,NA,298.75,999.11,-0.44
2020-10-09 00:00:00,39.44,NA,3.80,25.73,27.42,58.94,4.68,1.46,NA,NA,NA,NA,NA,NA,NA,NA,73.73,0.62,109.60,NA,NA,38.35,999.39,-0.45
2020-10-10 00:00:00,33.91,NA,4.58,23.42,26.64,59.10,10.92,1.14,NA,NA,NA,NA,NA,NA,NA,NA,80.99,0.67,217.03,NA,NA,163.43,999.61,-0.46
2020-10-11 00:00:00,25.81,NA,3.13,7.92,10.93,47.34,7.09,1.27,NA,NA,NA,NA,NA,NA,NA,NA,78.91,0.60,216.04,NA,NA,276.74,998.89,-0.46
2020-10-12 00:00:00,21.68,NA,3.45,11.81,15.12,50.58,5.47,1.57,NA,NA,NA,NA,NA,NA,NA,NA,79.90,0.55,166.43,NA,NA,301.96,997.82,-0.46
2020-10-13 00:00:00,21.23,NA,3.26,13.77,16.87,51.86,8.58,1.37,NA,NA,NA,NA,NA,NA,NA,NA,70.35,0.88,150.44,NA,NA,296.35,996.57,-0.42
2020-10-14 00:00:00,36.49,NA,3.17,16.40,19.49,53.80,3.93,1.72,NA,NA,NA,NA,NA,NA,NA,NA,61.02,0.80,124.84,NA,NA,309.87,997.83,-0.43
2020-10-15 00:00:00,33.75,NA,2.94,11.16,13.89,49.44,4.12,1.19,NA,NA,NA,NA,NA,NA,NA,NA,61.29,0.70,113.81,NA,NA,313.82,998.86,-0.44
2020-10-16 00:00:00,35.07,NA,3.86,11.81,15.62,51.25,3.40,1.52,NA,NA,NA,NA,NA,NA,NA,NA,80.48,0.53,216.23,NA,NA,104.55,998.91,-0.46
2020-10-17 00:00:00,34.07,NA,2.84,13.28,15.77,50.60,2.63,1.64,NA,NA,NA,NA,NA,NA,NA,NA,90.01,0.73,253.09,NA,NA,51.50,999.12,-0.46
2020-10-18 00:00:00,30.28,NA,3.50,13.04,16.37,51.69,NA,1.86,NA,NA,NA,NA,NA,NA,NA,NA,97.32,0.46,230.18,NA,NA,51.26,999.10,-0.48
2020-10-19 00:00:00,34.74,NA,6.07,12.16,17.48,52.69,4.28,1.87,NA,NA,NA,NA,NA,NA,NA,NA,87.54,0.56,218.04,NA,NA,74.95,999.16,-0.47
2020-10-20 00:00:00,38.61,NA,4.66,11.12,15.40,51.55,12.31,1.08,NA,NA,NA,NA,NA,NA,NA,NA,94.65,0.48,218.51,NA,NA,49.80,999.23,-0.48
2020-10-21 00:00:00,38.92,NA,5.47,9.83,15.05,51.52,19.76,1.46,NA,NA,NA,NA,NA,NA,NA,NA,89.41,0.63,264.49,NA,NA,23.53,999.46,-0.46
2020-10-22 00:00:00,69.24,NA,7.48,12.35,19.74,55.84,11.69,1.51,NA,NA,NA,NA,NA,NA,NA,NA,88.53,0.68,179.29,NA,NA,50.10,998.50,-0.45
2020-10-23 00:00:00,66.66,NA,3.16,14.05,16.89,51.70,25.83,0.98,NA,NA,NA,NA,NA,NA,NA,NA,86.12,0.60,169.09,NA,NA,53.62,998.97,-0.45
2020-10-24 00:00:00,46.98,NA,5.07,11.65,16.66,52.43,16.42,1.44,NA,NA,NA,NA,NA,NA,NA,NA,82.65,0.65,180.98,NA,NA,31.08,999.86,-0.45
2020-10-25 00:00:00,56.54,NA,4.10,10.90,14.70,50.52,39.37,1.09,NA,NA,NA,NA,NA,NA,NA,NA,82.82,0.72,280.59,NA,NA,25.30,NA,-0.46
2020-10-26 00:00:00,56.57,NA,3.15,11.78,14.47,49.87,41.80,1.24,NA,NA,NA,NA,NA,NA,NA,NA,80.70,0.80,279.21,NA,NA,31.61,NA,-0.45
2020-10-27 00:00:00,61.41,NA,3.27,13.74,16.50,51.25,48.51,1.02,NA,NA,NA,NA,NA,NA,NA,NA,82.06,0.86,285.54,NA,NA,23.07,NA,-0.44
2020-10-28 00:00:00,51.17,NA,2.86,12.06,14.29,49.63,52.27,0.99,NA,NA,NA,NA,NA,NA,NA,NA,90.83,0.73,272.59,NA,NA,16.03,NA,-0.45
2020-10-29 00:00:00,45.09,NA,3.26,13.19,16.20,51.39,35.80,1.11,NA,NA,NA,NA,NA,NA,NA,NA,93.15,0.71,251.68,NA,NA,13.55,NA,-0.45
2020-10-30 00:00:00,54.71,NA,3.15,20.60,23.43,56.61,35.74,0.72,NA,NA,NA,NA,NA,NA,NA,NA,77.74,0.89,285.27,NA,NA,33.52,NA,-0.44
2020-10-31 00:00:00,68.08,NA,3.30,17.09,19.60,54.24,31.70,0.87,NA,NA,NA,NA,NA,NA,NA,NA,78.57,0.67,251.10,NA,NA,35.79,NA,-0.46
2020-11-01 00:00:00,57.33,NA,3.59,17.40,20.60,54.70,16.30,1.19,NA,NA,NA,NA,NA,NA,NA,NA,81.76,0.64,261.26,NA,NA,30.68,NA,-0.47
2020-11-02 00:00:00,58.57,NA,2.95,13.06,15.61,50.59,19.95,1.16,NA,NA,NA,NA,NA,NA,NA,NA,83.04,0.65,268.69,NA,NA,30.26,NA,-0.46
2020-11-03 00:00:00,86.44,NA,3.38,16.42,19.59,53.49,14.08,0.89,NA,NA,NA,NA,NA,NA,NA,NA,84.05,0.81,296.95,NA,NA,23.18,NA,-0.45
2020-11-04 00:00:00,45.38,NA,3.57,11.44,15.00,50.66,37.59,1.13,NA,NA,NA,NA,NA,NA,NA,NA,91.17,0.79,278.11,NA,NA,20.21,NA,-0.45
2020-11-05 00:00:00,34.17,NA,3.91,9.52,13.40,49.65,11.88,1.19,NA,NA,NA,NA,NA,NA,NA,NA,87.97,0.85,261.67,NA,NA,40.38,NA,-0.45
2020-11-06 00:00:00,23.20,NA,5.06,8.15,13.18,50.07,15.42,0.98,NA,NA,NA,NA,NA,NA,NA,NA,84.79,0.80,285.60,NA,NA,42.44,NA,-0.44
2020-11-07 00:00:00,22.84,NA,5.35,11.33,16.65,52.50,16.87,1.04,NA,NA,NA,NA,NA,NA,NA,NA,91.45,0.79,279.68,NA,NA,40.12,NA,-0.45
2020-11-08 00:00:00,78.16,NA,2.84,11.68,14.27,49.60,17.55,1.64,NA,NA,NA,NA,NA,NA,NA,NA,80.23,1.07,289.09,NA,NA,24.22,NA,-0.42
2020-11-09 00:00:00,96.52,NA,3.43,16.47,19.84,54.19,17.40,0.93,NA,NA,NA,NA,NA,NA,NA,NA,68.37,1.68,287.19,NA,NA,31.93,NA,-0.37
2020-11-10 00:00:00,89.63,NA,2.90,14.70,16.99,51.91,16.66,0.93,NA,NA,NA,NA,NA,NA,NA,NA,70.45,1.50,274.83,NA,NA,28.75,800.20,-0.39
2020-11-11 00:00:00,73.30,NA,3.08,10.77,13.78,49.43,37.67,0.71,NA,NA,NA,NA,NA,NA,NA,NA,87.35,0.98,282.89,NA,NA,13.87,NA,-0.43
2020-11-12 00:00:00,36.27,NA,3.62,10.76,14.34,50.13,31.67,1.25,NA,NA,NA,NA,NA,NA,NA,NA,99.53,0.79,291.14,NA,NA,11.45,NA,-0.47
2020-11-13 00:00:00,45.43,NA,3.65,8.94,12.55,48.86,16.96,0.99,NA,NA,NA,NA,NA,NA,NA,NA,86.99,1.11,301.74,NA,NA,34.77,NA,-0.41
2020-11-14 00:00:00,60.45,NA,5.45,13.18,18.52,48.02,27.12,1.08,NA,NA,NA,NA,NA,NA,NA,NA,79.04,1.50,301.81,NA,NA,36.38,NA,-0.38
2020-11-15 00:00:00,93.13,NA,6.98,13.67,21.07,49.33,13.65,0.88,NA,NA,NA,NA,NA,NA,NA,NA,92.62,1.08,303.49,NA,NA,15.54,NA,-0.42
2020-11-16 00:00:00,19.90,NA,4.64,11.27,15.91,48.88,36.73,0.59,NA,NA,NA,NA,NA,NA,NA,NA,97.37,0.80,199.26,NA,NA,17.20,NA,-0.46
2020-11-17 00:00:00,48.44,NA,6.81,14.50,21.20,57.45,15.32,0.93,NA,NA,NA,NA,NA,NA,NA,NA,92.57,0.88,267.98,NA,NA,29.88,NA,-0.44
2020-11-18 00:00:00,27.12,NA,5.64,9.59,15.15,50.95,2.33,0.99,NA,NA,NA,NA,NA,NA,NA,NA,89.69,0.93,248.25,NA,NA,30.18,NA,-0.44
2020-11-19 00:00:00,41.71,NA,3.94,8.19,12.13,44.01,4.22,0.65,NA,NA,NA,NA,NA,NA,NA,NA,82.08,0.91,307.35,NA,NA,55.28,818.03,-0.43
2020-11-20 00:00:00,56.32,NA,4.42,1.89,6.31,44.57,8.20,0.57,NA,NA,NA,NA,NA,NA,NA,NA,81.76,0.83,287.32,NA,NA,281.17,802.15,-0.44
2020-11-21 00:00:00,65.75,NA,3.51,1.99,5.17,43.04,9.02,0.77,2.22,NA,NA,NA,NA,NA,NA,NA,79.26,0.96,282.00,NA,NA,216.26,813.91,-0.43
2020-11-22 00:00:00,58.40,NA,3.72,1.77,5.49,44.51,9.16,0.39,2.45,NA,NA,NA,NA,NA,NA,NA,79.67,1.01,260.87,NA,NA,284.02,952.22,-0.42
2020-11-23 00:00:00,68.04,NA,4.18,1.21,5.08,42.66,8.38,0.69,3.91,NA,NA,NA,NA,NA,NA,NA,83.53,1.28,287.18,NA,NA,273.55,985.07,-0.41
2020-11-24 00:00:00,52.58,NA,4.47,1.09,5.56,44.00,8.10,0.84,6.16,NA,NA,NA,NA,NA,NA,NA,93.93,1.55,285.47,NA,NA,257.06,988.03,-0.39
2020-11-25 00:00:00,21.08,NA,4.54,1.03,5.59,44.04,7.38,0.80,6.81,NA,NA,NA,NA,NA,NA,NA,97.98,1.93,288.68,NA,NA,250.39,987.53,-0.36
2020-11-26 00:00:00,11.64,NA,4.32,2.20,5.44,41.12,8.56,0.93,8.89,NA,NA,NA,NA,NA,NA,NA,93.72,2.07,127.84,NA,NA,270.54,979.83,-0.31
2020-11-27 00:00:00,14.77,NA,3.84,2.75,6.05,43.32,8.72,1.24,6.66,NA,NA,NA,NA,NA,NA,NA,86.13,0.86,163.20,NA,NA,280.11,978.59,-0.43
2020-11-28 00:00:00,20.76,NA,3.98,2.23,5.09,42.27,10.75,0.62,1.83,NA,NA,NA,NA,NA,NA,NA,90.41,0.82,286.04,NA,NA,264.47,NA,-0.45
2020-11-29 00:00:00,18.51,NA,3.86,1.63,4.64,42.17,8.19,0.57,3.78,NA,NA,NA,NA,NA,NA,NA,94.82,1.25,281.09,NA,NA,276.55,NA,-0.40
2020-11-30 00:00:00,25.51,NA,4.51,2.63,7.00,45.28,7.58,0.92,2.98,NA,NA,NA,NA,NA,NA,NA,86.96,1.39,287.89,NA,NA,290.95,995.40,-0.39
2020-12-01 00:00:00,29.36,NA,3.35,3.08,5.90,43.67,7.50,0.47,4.89,NA,NA,NA,NA,NA,NA,NA,78.82,1.61,283.66,NA,NA,273.44,997.75,-0.38
2020-12-02 00:00:00,27.42,NA,4.18,3.08,6.12,43.54,6.81,1.09,6.68,NA,NA,NA,NA,NA,NA,NA,87.81,2.10,281.49,NA,NA,243.99,NA,-0.34
2020-12-03 00:00:00,19.62,NA,9.11,4.93,9.55,40.65,8.80,0.52,1.88,NA,NA,NA,NA,NA,NA,NA,96.21,1.39,301.81,NA,NA,265.04,NA,-0.39
2020-12-04 00:00:00,9.93,NA,9.81,6.13,15.92,44.53,8.57,0.82,1.56,NA,NA,NA,NA,NA,NA,NA,97.39,1.25,304.31,NA,NA,251.79,NA,-0.40
2020-12-05 00:00:00,12.61,NA,8.72,6.57,15.09,40.92,8.71,0.68,1.39,NA,NA,NA,NA,NA,NA,NA,95.85,1.16,288.73,NA,NA,266.53,NA,-0.40
2020-12-06 00:00:00,24.01,NA,9.87,6.47,16.34,43.13,7.92,0.87,1.98,NA,NA,NA,NA,NA,NA,NA,92.45,1.25,312.07,NA,NA,296.38,NA,-0.39
2020-12-07 00:00:00,28.83,NA,9.02,6.46,15.47,42.16,8.11,0.95,1.41,NA,NA,NA,NA,NA,NA,NA,93.76,0.96,311.74,NA,NA,280.79,NA,-0.42
2020-12-08 00:00:00,34.20,NA,9.13,6.83,15.95,42.53,8.66,0.91,1.90,NA,NA,NA,NA,NA,NA,NA,92.59,0.91,296.04,NA,NA,307.69,NA,-0.43
2020-12-09 00:00:00,54.16,NA,8.87,7.02,15.88,42.55,9.05,0.69,2.45,NA,NA,NA,NA,NA,NA,NA,86.52,0.95,297.35,NA,NA,305.75,999.77,-0.43
2020-12-10 00:00:00,42.14,NA,8.38,7.10,14.84,41.28,9.07,0.61,8.52,2.66,NA,NA,NA,NA,NA,NA,84.98,0.79,277.35,NA,NA,285.79,997.48,-0.45
2020-12-11 00:00:00,61.12,NA,7.92,7.88,15.79,41.67,9.94,0.80,27.92,0.00,NA,NA,NA,NA,NA,NA,83.60,1.02,277.95,NA,NA,274.47,997.96,-0.43
2020-12-12 00:00:00,65.81,NA,8.17,6.57,14.72,41.04,10.61,0.79,NA,2.35,NA,NA,NA,NA,NA,NA,80.68,0.86,280.15,NA,NA,287.60,993.35,-0.44
2020-12-13 00:00:00,32.14,NA,9.96,6.65,16.26,42.66,11.16,0.80,NA,4.52,NA,NA,NA,NA,NA,NA,82.05,0.99,296.02,NA,NA,281.90,990.13,-0.43
2020-12-14 00:00:00,29.40,NA,9.02,7.80,16.60,42.12,9.82,0.68,NA,4.26,NA,NA,NA,NA,NA,NA,73.08,0.88,290.32,NA,NA,285.49,963.31,-0.43
2020-12-15 00:00:00,65.26,NA,8.44,6.49,12.48,38.47,9.84,0.86,NA,1.86,NA,NA,NA,NA,NA,NA,79.05,1.20,291.29,NA,NA,286.47,991.27,-0.41
2020-12-16 00:00:00,34.16,NA,9.69,6.30,15.70,45.15,7.19,0.91,NA,1.38,NA,NA,NA,NA,NA,NA,84.32,1.48,306.08,NA,NA,252.71,NA,-0.38
2020-12-17 00:00:00,33.45,NA,10.39,5.83,16.21,47.13,6.62,0.93,NA,1.21,NA,NA,NA,NA,NA,NA,83.04,1.50,308.33,NA,NA,264.79,NA,-0.37
2020-12-18 00:00:00,61.66,NA,9.05,6.22,15.26,41.95,6.05,1.00,NA,2.05,NA,NA,NA,NA,NA,NA,80.08,1.68,300.12,NA,NA,267.87,999.58,-0.36
2020-12-19 00:00:00,68.59,NA,9.20,6.05,15.06,41.96,5.99,0.97,NA,1.55,NA,NA,NA,NA,NA,NA,75.39,1.27,310.13,NA,NA,270.57,998.65,-0.39
2020-12-20 00:00:00,53.03,NA,9.50,6.06,15.56,42.23,5.92,0.74,NA,1.58,NA,NA,NA,NA,NA,NA,63.82,1.69,309.12,NA,NA,284.07,995.86,-0.36
2020-12-21 00:00:00,61.61,NA,10.52,6.24,16.46,43.29,5.85,0.76,NA,1.95,NA,NA,NA,NA,NA,NA,61.63,1.41,297.05,NA,NA,288.40,994.82,-0.39
2020-12-22 00:00:00,46.66,NA,9.81,6.41,15.17,42.18,7.60,0.78,NA,2.74,NA,NA,NA,NA,NA,NA,73.86,0.99,287.13,NA,NA,263.68,990.63,-0.42
2020-12-23 00:00:00,42.27,NA,9.22,8.33,16.17,41.93,10.64,0.93,NA,2.47,NA,NA,NA,NA,NA,NA,74.21,1.03,288.52,NA,NA,274.33,990.58,-0.42
2020-12-24 00:00:00,52.02,NA,8.72,6.18,14.45,41.34,11.17,0.78,NA,4.76,NA,NA,NA,NA,NA,NA,73.50,1.18,283.22,NA,NA,275.19,980.13,-0.41
2020-12-25 00:00:00,58.45,NA,8.42,7.14,15.38,41.53,12.03,0.82,NA,4.13,NA,NA,NA,NA,NA,NA,74.73,1.17,281.03,NA,NA,277.03,981.70,-0.41
2020-12-26 00:00:00,52.54,NA,8.33,6.80,14.66,41.15,9.42,0.83,NA,3.80,NA,NA,NA,NA,NA,NA,76.74,1.38,272.45,NA,NA,282.39,970.36,-0.40
2020-12-27 00:00:00,54.25,NA,8.39,6.65,14.34,40.57,9.14,0.86,NA,3.18,NA,NA,NA,NA,NA,NA,80.69,1.48,283.73,NA,NA,275.51,989.14,-0.39
2020-12-28 00:00:00,47.59,NA,10.30,6.48,16.20,42.90,8.93,0.87,NA,3.39,NA,NA,NA,NA,NA,NA,76.80,1.54,282.80,NA,NA,282.18,973.88,-0.38
2020-12-29 00:00:00,43.26,NA,8.35,7.07,15.11,41.48,10.98,0.78,NA,2.59,NA,NA,NA,NA,NA,NA,80.72,1.56,289.12,NA,NA,261.73,995.35,-0.38
2020-12-30 00:00:00,50.36,NA,8.71,7.02,15.45,42.20,7.53,0.85,NA,1.34,NA,NA,NA,NA,NA,NA,81.38,1.53,303.09,NA,NA,261.96,999.05,-0.38
2020-12-31 00:00:00,40.59,NA,8.51,6.64,14.81,41.49,7.07,0.84,NA,4.37,NA,NA,NA,NA,NA,NA,76.28,1.68,311.55,NA,NA,278.56,NA,-0.36
